-- --------------------------------------------------------
-- SEED DATA FOR FASHION/BICYCLE SHOP
-- --------------------------------------------------------

-- 1. SEED LOCATION DATA (Hanoi, HCM, Da Nang, etc.)
INSERT INTO `provinces` (`id`, `name`, `code`) VALUES
(64, 'Thành phố Hà Nội', '01'),
(65, 'Thành phố Hồ Chí Minh', '79'),
(66, 'Thành phố Hải Phòng', '31'),
(67, 'Thành phố Đà Nẵng', '48'),
(68, 'Thành phố Cần Thơ', '92'),
(69, 'Tỉnh An Giang', '89'),
(70, 'Tỉnh Bà Rịa - Vũng Tàu', '77'),
(71, 'Tỉnh Bắc Giang', '24'),
(72, 'Tỉnh Bắc Kạn', '06'),
(73, 'Tỉnh Bạc Liêu', '95'),
(74, 'Tỉnh Bắc Ninh', '27'),
(75, 'Tỉnh Bến Tre', '83'),
(76, 'Tỉnh Bình Định', '52'),
(77, 'Tỉnh Bình Dương', '74'),
(78, 'Tỉnh Bình Phước', '70'),
(79, 'Tỉnh Bình Thuận', '60'),
(80, 'Tỉnh Cà Mau', '96'),
(81, 'Tỉnh Cao Bằng', '04'),
(82, 'Tỉnh Đắk Lắk', '66'),
(83, 'Tỉnh Đắk Nông', '67'),
(84, 'Tỉnh Điện Biên', '11'),
(85, 'Tỉnh Đồng Nai', '75'),
(86, 'Tỉnh Đồng Tháp', '87'),
(87, 'Tỉnh Gia Lai', '64'),
(88, 'Tỉnh Hà Giang', '02'),
(89, 'Tỉnh Hà Nam', '35'),
(90, 'Tỉnh Hà Tĩnh', '42'),
(91, 'Tỉnh Hải Dương', '30'),
(92, 'Tỉnh Hậu Giang', '93'),
(93, 'Tỉnh Hòa Bình', '17'),
(94, 'Tỉnh Hưng Yên', '33'),
(95, 'Tỉnh Khánh Hòa', '56'),
(96, 'Tỉnh Kiên Giang', '91'),
(97, 'Tỉnh Kon Tum', '62'),
(98, 'Tỉnh Lai Châu', '12'),
(99, 'Tỉnh Lâm Đồng', '68'),
(100, 'Tỉnh Lạng Sơn', '20'),
(101, 'Tỉnh Lào Cai', '10'),
(102, 'Tỉnh Long An', '80'),
(103, 'Tỉnh Nam Định', '36'),
(104, 'Tỉnh Nghệ An', '40'),
(105, 'Tỉnh Ninh Bình', '37'),
(106, 'Tỉnh Ninh Thuận', '58'),
(107, 'Tỉnh Phú Thọ', '25'),
(108, 'Tỉnh Phú Yên', '54'),
(109, 'Tỉnh Quảng Bình', '44'),
(110, 'Tỉnh Quảng Nam', '49'),
(111, 'Tỉnh Quảng Ngãi', '51'),
(112, 'Tỉnh Quảng Ninh', '22'),
(113, 'Tỉnh Quảng Trị', '45'),
(114, 'Tỉnh Sóc Trăng', '94'),
(115, 'Tỉnh Sơn La', '14'),
(116, 'Tỉnh Tây Ninh', '72'),
(117, 'Tỉnh Thái Bình', '34'),
(118, 'Tỉnh Thái Nguyên', '19'),
(119, 'Tỉnh Thanh Hóa', '38'),
(120, 'Tỉnh Thừa Thiên Huế', '46'),
(121, 'Tỉnh Tiền Giang', '82'),
(122, 'Tỉnh Trà Vinh', '84'),
(123, 'Tỉnh Tuyên Quang', '08'),
(124, 'Tỉnh Vĩnh Long', '86'),
(125, 'Tỉnh Vĩnh Phúc', '26'),
(126, 'Tỉnh Yên Bái', '15');

INSERT INTO `districts` (`id`, `name`, `province_id`, `code`) VALUES
(155, 'Quận Ba Đình', 64, '001'),
(156, 'Quận Hoàn Kiếm', 64, '002'),
(157, 'Quận Tây Hồ', 64, '003'),
(158, 'Quận Long Biên', 64, '004'),
(159, 'Quận Cầu Giấy', 64, '005'),
(160, 'Quận Đống Đa', 64, '006'),
(161, 'Quận Hai Bà Trưng', 64, '007'),
(162, 'Quận Hoàng Mai', 64, '008'),
(163, 'Quận Thanh Xuân', 64, '009'),
(164, 'Quận Nam Từ Liêm', 64, '010'),
(165, 'Quận Bắc Từ Liêm', 64, '011'),
(166, 'Quận Hà Đông', 64, '012'),
(167, 'Thị xã Sơn Tây', 64, '013'),
(168, 'Huyện Ba Vì', 64, '014'),
(169, 'Huyện Chương Mỹ', 64, '015'),
(170, 'Huyện Đan Phượng', 64, '016'),
(171, 'Huyện Đông Anh', 64, '017'),
(172, 'Huyện Gia Lâm', 64, '018'),
(173, 'Huyện Hoài Đức', 64, '019'),
(174, 'Huyện Mê Linh', 64, '020'),
(175, 'Huyện Mỹ Đức', 64, '021'),
(176, 'Huyện Phú Xuyên', 64, '022'),
(177, 'Huyện Phúc Thọ', 64, '023'),
(178, 'Huyện Quốc Oai', 64, '024'),
(179, 'Huyện Sóc Sơn', 64, '025'),
(180, 'Huyện Thạch Thất', 64, '026'),
(181, 'Huyện Thanh Oai', 64, '027'),
(182, 'Huyện Thanh Trì', 64, '028'),
(183, 'Huyện Thường Tín', 64, '029'),
(184, 'Huyện Ứng Hòa', 64, '030'),
(185, 'Quận 1', 65, '760'),
(186, 'Quận 12', 65, '761'),
(187, 'Quận Thủ Đức', 65, '762'),
(188, 'Quận 9', 65, '763'),
(189, 'Quận Gò Vấp', 65, '764'),
(190, 'Quận Bình Thạnh', 65, '765'),
(191, 'Quận Tân Bình', 65, '766'),
(192, 'Quận Tân Phú', 65, '767'),
(193, 'Quận Phú Nhuận', 65, '768'),
(194, 'Quận 2', 65, '769'),
(195, 'Quận 3', 65, '770'),
(196, 'Quận 10', 65, '771'),
(197, 'Quận 11', 65, '772'),
(198, 'Quận 4', 65, '773'),
(199, 'Quận 5', 65, '774'),
(200, 'Quận 6', 65, '775'),
(201, 'Quận 8', 65, '776'),
(202, 'Quận Bình Tân', 65, '777'),
(203, 'Quận 7', 65, '778'),
(204, 'Huyện Củ Chi', 65, '783'),
(205, 'Huyện Hóc Môn', 65, '784'),
(206, 'Huyện Bình Chánh', 65, '785'),
(207, 'Huyện Nhà Bè', 65, '786'),
(208, 'Huyện Cần Giờ', 65, '787'),
(209, 'Quận Hải Châu', 67, '490'),
(210, 'Quận Thanh Khê', 67, '491'),
(211, 'Quận Sơn Trà', 67, '492'),
(212, 'Quận Ngũ Hành Sơn', 67, '493'),
(213, 'Quận Liên Chiểu', 67, '494'),
(214, 'Quận Cẩm Lệ', 67, '495'),
(215, 'Huyện Hòa Vang', 67, '497'),
(216, 'Huyện Hoàng Sa', 67, '498');

INSERT INTO `wards` (`id`, `name`, `district_id`, `code`) VALUES
(98, 'Phường Tân Định', 185, '26734'),
(99, 'Phường Đa Kao', 185, '26737'),
(100, 'Phường Bến Nghé', 185, '26740'),
(101, 'Phường Bến Thành', 185, '26743'),
(102, 'Phường Nguyễn Thái Bình', 185, '26746'),
(103, 'Phường Phạm Ngũ Lão', 185, '26749'),
(104, 'Phường Cầu Ông Lãnh', 185, '26752'),
(105, 'Phường Cô Giang', 185, '26755'),
(106, 'Phường Nguyễn Cư Trinh', 185, '26758'),
(107, 'Phường Cầu Kho', 185, '26761'),
(108, 'Phường 1', 195, '27100'),
(109, 'Phường 2', 195, '27103'),
(110, 'Phường 3', 195, '27106'),
(111, 'Phường 4', 195, '27109'),
(112, 'Phường 5', 195, '27112'),
(113, 'Phường 6', 195, '27115'),
(114, 'Phường 7', 195, '27118'),
(115, 'Phường 8', 195, '27121'),
(116, 'Phường 9', 195, '27124'),
(117, 'Phường 10', 195, '27127'),
(118, 'Phường 11', 195, '27130'),
(119, 'Phường 12', 195, '27133'),
(120, 'Phường 13', 195, '27136'),
(121, 'Phường 14', 195, '27139'),
(122, 'Phường Phúc Tân', 156, '00037'),
(123, 'Phường Đồng Xuân', 156, '00040'),
(124, 'Phường Hàng Mã', 156, '00043'),
(125, 'Phường Hàng Buồm', 156, '00046'),
(126, 'Phường Hàng Đào', 156, '00049'),
(127, 'Phường Hàng Bồ', 156, '00052'),
(128, 'Phường Cửa Đông', 156, '00055'),
(129, 'Phường Lý Thái Tổ', 156, '00058'),
(130, 'Phường Hàng Bạc', 156, '00061'),
(131, 'Phường Hàng Gai', 156, '00064'),
(132, 'Phường Chương Dương', 156, '00067'),
(133, 'Phường Hàng Trống', 156, '00070'),
(134, 'Phường Cửa Nam', 156, '00073'),
(135, 'Phường Hàng Bông', 156, '00076'),
(136, 'Phường Tràng Tiền', 156, '00079'),
(137, 'Phường Trần Hưng Đạo', 156, '00082'),
(138, 'Phường Phan Chu Trinh', 156, '00085'),
(139, 'Phường Hàng Bài', 156, '00088'),
(140, 'Phường Nghĩa Đô', 159, '00145'),
(141, 'Phường Nghĩa Tân', 159, '00148'),
(142, 'Phường Mai Dịch', 159, '00151'),
(143, 'Phường Dịch Vọng', 159, '00154'),
(144, 'Phường Dịch Vọng Hậu', 159, '00157'),
(145, 'Phường Quan Hoa', 159, '00160'),
(146, 'Phường Yên Hoà', 159, '00163'),
(147, 'Phường Trung Hoà', 159, '00166'),
(148, 'Phường Tam Thuận', 210, '20227'),
(149, 'Phường Thanh Khê Tây', 210, '20230'),
(150, 'Phường Thanh Khê Đông', 210, '20233'),
(151, 'Phường Xuân Hà', 210, '20236'),
(152, 'Phường Tân Chính', 210, '20239'),
(153, 'Phường Chính Gián', 210, '20242'),
(154, 'Phường Vĩnh Trung', 210, '20245'),
(155, 'Phường Thạc Gián', 210, '20248'),
(156, 'Phường An Khê', 210, '20251'),
(157, 'Phường Hoà Khê', 210, '20254');

-- 2. SEED USERS & CATEGORIES
INSERT INTO `users` (`id`, `name`, `email`, `phone`, `address`, `password`, `role_as`, `created_at`, `postal_code`, `avatar`, `street_address`, `province_id`, `district_id`, `ward_id`, `updated_at`) VALUES
(54, 'nhanvien', 'nv@gmail.com', '', NULL, '$2y$10$eYzDjHOgfU9eTVg5JRkaze2csPvQYiCgHU5w/vpfC.AEOeIneIBti', 2, '2025-05-27 11:23:32', NULL, '', NULL, NULL, NULL, NULL, NULL),
(55, 'Mai Phương Loan', 'loan@gmail.com', '0123456777', 'nam định', '$2y$10$PWuk.URQZqo3VkaOdakRvOgH/Y0544FyaTsTfNRdz1sQ8PDvd8aWa', 0, '2025-05-28 02:03:03', '12345', '', NULL, NULL, NULL, NULL, NULL),
(56, 'Đỗ Quang Vinh ', 'vinh@gmail.com', '0966346303', 'Số nhà 5, Xã X, Châu Đức, Bà Rịa - Vũng Tàu', '$2y$10$ld3tc9MfscwVBv7dLMc.CuOgqlA8aCh7V.g239eL6LOhimsjYPEyq', 0, '2025-05-28 02:06:21', '100000', 'uploads/avatars/1749166210_133842672449336615.jpg', 'Thanh Lâm, Mê Linh, Hà Nội', 64, 174, NULL, NULL),
(57, 'Phạm Đảm', 'dam@gmail.com', '0123456789', NULL, '$2y$10$nzuQN8op2mZc/RwVT9wPyusyK17d.3fUX1q/Va9mgrtbhPQD6ukTC', 0, '2025-05-28 02:10:10', NULL, '', NULL, NULL, NULL, NULL, NULL),
(59, 'MAI LÊ PHƯƠNG LOAN', 'loanphuong632@gmail.com', '0705822404', NULL, '$2y$10$uszsrwKylw9Ri3j/qOH5kePOXZj8hQSb4isAXFP6V2Kz5PvRw/GIy', 1, '2025-09-19 03:01:04', NULL, '', NULL, NULL, NULL, NULL, NULL);

INSERT INTO `password_resets` (`id`, `user_id`, `token`, `expires_at`, `used`, `created_at`) VALUES
(1, 56, '326d8fa274e4f3cf97883e12715cbf9daf43af41213f90443f8c9a2e77c08398', '2025-06-05 09:21:58', 0, '2025-06-04 23:21:58'),
(2, 56, 'b14f2ae52fec25113236b41f5130f10eee66ea3297415715e041f8f6fab8102d', '2025-06-05 09:22:31', 0, '2025-06-04 23:22:31'),
(3, 56, '353e2d37fa1f2eb66ac2eba0d920529b78704d94f83fbbc613f7fe81296299d7', '2025-06-05 09:23:53', 0, '2025-06-04 23:23:53');

INSERT INTO `categories` (`id`, `name`, `slug`, `description`, `status`, `image`, `created_at`) VALUES
(22, 'Xe đạp địa hình', 'xe-dap-dia-hinh', 'Với xu hướng phát triển bận rộn như ngày nay, mọi người thường làm việc văn phòng công sở không có thời gian hoạt động, để nâng cao sức khỏe và để phòng tránh được những bệnh tật. Bộ môn đạp xe đạp rất được nhiều người quan tâm nhất là ở các thành phố lớn, đạp xe đạp nâng cao sức khỏe và có rất nhiều tác dụng tốt cho cơ thể, thứ nhất là bộ môn bơi lội, thứ nhì là đạp xe đạp. ', 0, '1683353162.webp', '2023-05-05 23:03:38'),
(23, 'Xe đạp trẻ em', 'xe-dap-tre-em-48', 'Xe đạp trẻ em Somings Lion Bird Boulder là mẫu xe đạp cực hot đang được các bậc phụ huynh săn đón cho các bé. Xe sở hữu bộ khung sườn làm từ hợp kim nhôm siêu nhẹ phủ lớp Sơn chống độc không mùi, chất lượng đến từ cao su cao cấp – chứng nhận \"sơn chống độc\" do công ty SGS – Thụy Sĩ cung cấp. Với kích thước bánh 20 inch phù hợp cho các bé trong độ tuổi 7 - 9 tuổi với chiều cao từ 1m3 trở lên.', 0, '1683353143.webp', '2023-05-05 23:05:43'),
(24, 'Xe đạp tuaring', 'xe-dap-tuaring-98', 'Xe đạp đường phố Somings Traverse Pro với thiết kế nữ tính, kiểu dáng đẹp, được khách hàng đánh giá là chiếc xe đạp phong cách khác biệt, phù hợp với dân văn phòng, học sinh, sinh viên hay giới nội trợ. Sở hữu 3 phối màu hiện đại kết hợp cùng kiểu dáng nữ tính, xe rất được lòng khách hàng nữ.', 0, '1683353648.webp', '2023-05-05 23:14:08'),
(25, 'Xe đạp đua', 'xe-dap-dua-28', 'Xe đạp đua Maruishi AIR FORCE là mẫu xe đạp đua cao cấp của hãng xe đạp thể thao Maruishi, mang phong cách thiết kế thể thao, cấu hình xe và độ bền cực cao. Mẫu xe đạp này có thể đáp ứng tốt nhu cầu của người sử dụng, vận hành êm ái ở tốc độ cao và ổn định trên những hành trình dài.', 0, '1683353727.webp', '2023-05-05 23:15:27');

-- 3. SEED PRODUCTS
INSERT INTO `products` (`id`, `category_id`, `name`, `slug`, `small_description`, `description`, `original_price`, `selling_price`, `qty`, `status`, `created_at`, `image`, `image1`, `image2`, `image3`, `rating`, `trending`, `updated_at`, `weight_kg`, `dimensions`) VALUES
(45, 25, 'Xe đạp đua RIKULAU CADENCE', 'xe-dap-dua-rikulau-cadence-63', 'Thương hiệu: Rikulau\r\nChất liệu khung: Hợp kim nhôm\r\nLoại phanh: Phanh đĩa cơ Tektro\r\nPhuộc giảm xóc: Hợp kim nhôm\r\nLíp: SRAM APEX 11S\r\nGiò đĩa: SRAM APEX 42T\r\nTay đề: SRAM APEX 1x11S\r\nĐề trước: Không\r\nĐề sau: SRAM APEX 11S\r\nTốc độ: 11\r\nVành xe: Hợp kim nhôm 2 lớp\r\nKích cỡ bánh xe: 700\r\nLốp xe: Bám đường, chống trượt\r\nDây âm sườn: Có\r\nGấp gọn: Không', 'Xe đạp đua RIKULAU CADENCE mang trong mình kiểu dáng thể thao với thiết kế hiện đại, thời thượng, phù hợp với những hoạt động ngoài trời nhằm mục đích rèn luyện sức khỏe hay chinh phục những cung đường đầy thử thách.', 14000000, 12000000, 4, 0, '2023-05-05 23:26:51', 'dua1.jpg', 'dua2-1.jpg', 'dua2-2.jpg', 'dua2-3.jpg', 0.00, 0, NULL, 0.00, NULL),
(47, 25, 'Xe đạp đua RIKULAU ILI ILI', 'xe-dap-dua-rikulau-ili-ili-30', 'Thương hiệu: Rikulau\r\nChất liệu khung: Thép không gỉ\r\nLoại phanh: Phanh đĩa cơ TEKTRO\r\nPhuộc giảm xóc: Sợi carbon\r\nLíp: SRAM PG 1130, 11-30T, 11S\r\nGiò đĩa: SRAM APEX 1,42T*170L\r\nTay đề: SRAM APEX 1, 1x11S\r\nĐề trước: Không\r\nĐề sau: SRAM APEX 1 11S\r\nTốc độ: 11\r\nVành xe: Hợp kim nhôm 2 lớp\r\nKích cỡ bánh xe: 700\r\nLốp xe: Schwalbe G-One 700x38C\r\nDây âm sườn: Có\r\nGấp gọn: Không', 'Xe đạp đua RIKULAU ILI ILI đến từ thị trường Đài Loan vô cùng khó tính sở hữu thiết kế vô cùng ấn tượng với kiểu dáng thể thao, khỏe khoắn thích hợp với người dùng có nhu cầu đi lại hằng ngày, đi phượt. Mẫu xe ra đời cùng với bộ khung thép, hệ thống truyền động 11 tốc độ.', 31000000, 30000000, 95, 0, '2023-05-05 23:33:43', 'dua3.jpg', 'dua1-1.jpg', 'dua1-2.jpg', 'dua1-3.jpg', 4.00, 0, NULL, 0.00, NULL),
(48, 24, 'Xe đạp touring Maruishi BALBOA', 'xe-dap-touring-maruishi-balboa-51', 'Thương hiệu: Maruishi \r\nChất liệu khung: Hợp kim nhôm 6061\r\nLoại phanh: Phanh vành\r\nPhuộc giảm xóc: Hợp kim nhôm 6061\r\nLíp: Shimano TZ500 7 tầng\r\nGiò đĩa: Prowheel 48T\r\nTay đề: SHIMANO TOURNEY 1x7S\r\nĐề trước: Không\r\nĐề sau: SHIMANO TOURNEY 7S\r\nTốc độ: 7\r\nVành xe: Hợp Kim Nhôm 2 lớp\r\nKích cỡ bánh xe: 700\r\nLốp xe: Kenda Kwest\r\nDây âm sườn: Không\r\nGấp gọn: Không', 'Chưa cập nhật', 3000000, 2700000, 2, 0, '2023-05-05 23:37:18', 'tua1.jpg', 'tua1-1.jpg', 'tua1-2.jpg', 'tua1-3.jpg', 0.00, 0, NULL, 0.00, NULL),
(49, 24, 'Xe đạp touring RIKULAU Traverse 700C', 'xe-dap-touring-rikulau-traverse-700c-92', 'Thương hiệu: Rikulau\r\nChất liệu khung: Hợp kim thép\r\nLoại phanh: Phanh vành\r\nPhuộc giảm xóc: Hợp kim thép\r\nLíp: Shimano Tz500- 7S – 14/28T\r\nGiò đĩa: Hợp kim nhôm 48T\r\nTay đề: Shimano TX30 1x7S\r\nĐề trước: Không\r\nĐề sau: Shimano Tourney TY21 7S\r\nTốc độ: 7\r\nVành xe: Hợp kim nhôm 2 lớp\r\nKích cỡ bánh xe: 700\r\nLốp xe: Kenda 700x28C\r\nDây âm sườn: Không\r\nGấp gọn: Không', 'Xe đạp touring RIKULAU Traverse 700C có vẻ ngoài thanh lịch, đầy quyến rũ của một mẫu xe đường phố. Xe sở hữu ngoại hình cổ điển phong cách phù hợp với người giới có chiều cao từ 1m6 trở lên. Với nhiều mầu sắc thời trang, độc đáo để khách hàng lựa chọn, chắc chắn đây là mẫu xe mà khách hàng không thể bỏ lỡ.', 2300000, 2000000, 9, 0, '2023-05-05 23:50:36', 'tua2.jpg', 'tua2-1.jpg', 'tua2-2.jpg', 'tua2-3.jpg', 0.00, 0, NULL, 0.00, NULL),
(51, 24, 'Xe đạp touring Maruishi Half Miler', 'xe-dap-touring-maruishi-half-miler-71', 'Thương hiệu: Maruishi\r\nChất liệu khung: Hợp kim nhôm 6061\r\nLoại phanh: Phanh vành\r\nPhuộc giảm xóc: Hợp kim nhôm 6061\r\nLíp: Shimano 7 tầng\r\nGiò đĩa: Hợp kim nhôm\r\nTay đề: Shimano 1x7S\r\nĐề trước: Không\r\nĐề sau: Shimano 7S\r\nTốc độ: 7\r\nVành xe: Hợp kim nhôm 2 lớp\r\nKích cỡ bánh xe: 700\r\nLốp xe: 700x32C\r\nDây âm sườn: Không\r\nGấp gọn: Không', 'Bạn đang cần tìm một chiếc xe nhẹ nhàng, thanh lịch, êm ái nhưng vẫn ổn định trên mọi cung đường, Mẫu xe Maruishi Half Miler đến từ Nhật Bản sẽ là chiếc xe khiến bạn hài lòng ngay từ cái nhìn đầu tiên. Xe đạp touring Maruishi Half Miler là chiếc xe đạp thành phố, với kiểu dáng trang nhã, màu sắc khỏe khoắn, phù hợp cho nhiều đối tượng sử dụng, từ thanh niên đến trung niên. Với nhiều mục đích sử dụng, từ đi làm, đi tập thể dục, đi chơi, đi phượt….', 4400000, 4000000, 9, 0, '2023-05-05 23:54:45', 'tua3.jpg', 'tua3-1.jpg', 'tua3-2.jpg', 'tua3-3.jpg', 0.00, 0, NULL, 0.00, NULL),
(52, 23, 'Xe đạp trẻ em NISHIKI ALADIN 16', 'xe-dap-tre-em-nishiki-aladin-16-73', 'Thương hiệu: NISHIKI\r\nChất liệu khung: Hợp kim nhôm\r\nLoại phanh: Phanh đĩa cơ\r\nPhuộc giảm xóc: Hợp kim nhôm\r\nTốc độ: 1\r\nKích cỡ bánh xe: 16\"\r\nLốp xe: Bám đường, chống trượt\r\nDây âm sườn: Không\r\nGấp gọn: Không', 'Xe đạp trẻ em NISHIKI ALADIN 16 sở hữu vẻ ngoài thể thao với bánh 16 inch là sự lựa chọn tuyệt vời cho những bạn nhỏ thích một mẫu xe thể thao với thiết kế vượt trội. Bộ cấu hình cao cấp bao gồm khung nhôm siêu nhẹ, phanh đĩa cơ, tổng thể sẽ tạo nên một chiếc xe cực kỳ hài hòa và đẳng cấp, mang đến cho các bạn nhỏ 1 chiếc xe đạp tuyệt vời để đi học, đi chơi, hay đi thể dục thể thao giúp tăng cường trí lực và sức lực.', 1600000, 1400000, 8, 0, '2023-05-06 00:00:01', 'kid1.jpg', 'kid1-1.jpg', 'kid1-2.jpg', 'kid1-3.jpg', 0.00, 0, NULL, 0.00, NULL),
(53, 23, 'Xe đạp trẻ em NISHIKI ANNA 20', 'xe-dap-tre-em-nishiki-anna-20-24', 'Thương hiệu: NISHIKI\r\nChất liệu khung: Hợp kim thép\r\nLoại phanh: Phanh V trước, bát sau\r\nPhuộc giảm xóc: Hợp kim nhôm\r\nTốc độ: 1\r\nVành xe: Vành nan hoa\r\nKích cỡ bánh xe: 20\"\r\nLốp xe: Bám đường, chống trượt\r\nDây âm sườn: Không\r\nGấp gọn: Không', 'Ngay lần đầu nhìn thấy xe đạp trẻ em NISHIKI ANNA 20, các bé và phụ huynh sẽ rất ấn tượng với thiết kế thời trang thể thao với 3 phối màu hiện đại cùng kích cỡ bánh 20 inch. Đây sẽ là lựa chọn tuyệt vời dành cho các bé trong giai đoạn phát triển và tập đi xe.', 1600000, 1200000, 9, 0, '2023-05-06 00:02:09', 'kid2.jpg', 'kid2-1.jpg', 'kid2-2.jpg', 'kid2-3.jpg', 0.00, 0, NULL, 0.00, NULL);

-- 4. SEED ORDERS & REVIEWS
INSERT INTO `orders` (`id`, `tracking_no`, `user_id`, `status`, `created_at`, `guest_name`, `payment_method`, `total_price`, `shipping_name`, `shipping_phone`, `shipping_address`, `cancel_reason`, `updated_at`, `shipping_fee`, `discount_amount`) VALUES
(16, 'ORD000016', 50, 2, '2025-05-16 18:44:04', NULL, 'cod', 0.00, '', '', '', NULL, NULL, 0, 0),
(17, 'ORD000017', 48, 2, '2025-05-27 11:58:59', NULL, 'cod', 0.00, '', '', '', NULL, NULL, 0, 0),
(18, 'ORD000018', 48, 0, '2025-05-27 12:00:17', NULL, 'cod', 0.00, '', '', '', NULL, NULL, 0, 0),
(19, 'ORD000019', 0, 0, '2025-05-27 12:03:32', 'thế', 'cod', 0.00, '', '', '', NULL, NULL, 0, 0),
(22, 'ORD000022', 0, 0, '2025-05-27 12:09:28', 'thế', 'cod', 0.00, '', '', '', NULL, NULL, 0, 0),
(23, 'ORD000023', 0, 4, '2025-05-27 12:10:20', 'Hiệ', 'cod', 0.00, '', '', '', NULL, NULL, 0, 0),
(25, 'ORD000025', 50, 1, '2025-05-27 12:12:49', NULL, 'cod', 0.00, '', '', '', NULL, NULL, 0, 0);

INSERT INTO `order_detail` (`id`, `user_id`, `product_id`, `order_id`, `selling_price`, `quantity`, `status`, `rate`, `comment`, `created_at`) VALUES
(146, NULL, 51, 92, 4000000, 1, 1, NULL, NULL, '2025-06-06 03:33:47'),
(147, NULL, 48, 93, 2700000, 1, 1, NULL, NULL, '2025-09-19 03:13:45'),
(148, NULL, 60, 94, 2500000, 1, 1, NULL, NULL, '2025-09-19 03:14:44'),
(149, NULL, 45, 95, 12000000, 1, 1, NULL, NULL, '2025-09-19 03:19:25'),
(150, NULL, 60, 96, 2500000, 1, 1, NULL, NULL, '2025-09-19 03:21:00'),
(151, NULL, 76, 97, 4000000, 1, 1, NULL, NULL, '2025-09-19 03:22:24'),
(152, NULL, 47, 98, 30000000, 1, 1, NULL, NULL, '2025-09-19 03:22:53'),
(153, NULL, 61, 99, 2500000, 1, 1, NULL, NULL, '2025-09-19 03:31:28'),
(154, NULL, 47, 100, 30000000, 1, 1, NULL, NULL, '2025-09-19 03:35:52'),
(155, NULL, 60, 101, 2500000, 1, 1, NULL, NULL, '2025-09-19 03:36:27');

INSERT INTO `product_reviews` (`id`, `user_id`, `product_id`, `rating`, `comment`, `created_at`, `images`, `shop_reply`) VALUES
(1, 56, 76, 3, 'Tốt', '2025-06-05 00:35:12', NULL, NULL),
(2, 56, 47, 4, 'tốt', '2025-06-06 02:36:36', '6842b6a42a0d2.jpg', NULL);